{"valid/precision_micro":0.65625,"valid/recall_macro":1,"valid/loss_epoch":0.6458991169929504,"_step":12,"_wandb":{"runtime":6},"valid/recall_micro":0.65625,"train/loss_step":0.5377099514007568,"valid/loss_step":0.6334941387176514,"_timestamp":1.742791125689833e+09,"global_step":33,"valid/f1":0.7920718789100647,"conf_table":{"ncols":3,"nrows":4,"_type":"table-file","sha256":"ce6fe8652586e89ac4752c9f3ad3033e631450b007da73d65884504c78a50fa6","size":181,"artifact_path":"wandb-client-artifact://6ay3uf22rfrplhgu9ncyvj5f9l8ncegtqff4mnrgzlmza0rb6wbrlbzvcj6l761ni6n9meleiplrp74ofj4dav64oty68csw3ad67brku7th3h584242cix9mft4g5fi/conf_table.table.json","_latest_artifact_path":"wandb-client-artifact://2k5ma0giiilr5555kxo4caaykabs7eb34ut6gl2bbe7x7hxqcf7x7a0vx08ampp39j8r75kuiiuwrcdyvtynaqx9o491lt5izv9bcl235phkzxqcg1g1s1f0vlkkyagc:latest/conf_table.table.json","path":"media/table/conf_table_9_ce6fe8652586e89ac475.table.json"},"train/acc_epoch":0.6676136255264282,"trainer/global_step":32,"train/loss_epoch":0.6447808742523193,"valid/precision_macro":0.65625,"train/acc_step":0.78125,"epoch":0,"_runtime":6.562682,"examples":{"sha256":"91f6e347e7ecd02507aaae308eae951941a1290f1e97d62b6d4de16dc22ad454","size":1253,"artifact_path":"wandb-client-artifact://x1blqb8lu09kx6g6pq0ku77sfrnprh7m3u9u13sr5azwxo5j7moaytiu93gc3wua490x6ge9yyvnobskdhzmamwnww9e7ee13ii3mjutt1pfl8c3ygpt20jppizcp6ko/examples.table.json","_latest_artifact_path":"wandb-client-artifact://5wx0yuep00do3gg0ryvjn58tg0qln78t2vdy6f8qfjmwrtahpegqjhzjrf00kc7b4jgls78anhckl0vej509zrv7rl0livvnn89nboc6fl1sj72lywh975oxq74rxs2n:latest/examples.table.json","path":"media/table/examples_11_91f6e347e7ecd02507aa.table.json","ncols":3,"nrows":20,"_type":"table-file"},"valid/acc":0.65625}